1,Light,14/09/2016
2,Clear,14/09/2017
3,Pink is the new White,20/09/2018
4,Pink is the new Blue,27/09/2019
5,Pink is the new Green,27/09/2020
6,Pink is the new Pink,14/10/2018
7,Pink is the new Yellow,03/10/2019
8,Pink is the new Red,12/10/2020
9,Yellow County,14/09/2016
10,Red County,31/08/2017
11,Blue County,09/09/2018
12,Golden County,18/09/2019
13,Green County,07/09/2020
14,Yellow Lotus,14/03/2019
15,Red Lotus,18/03/2020
16,Blue Lotus,14/06/2015
17,Golden Lotus,05/06/2016
18,Green Lotus,29/05/2017
19,Enemies,16/05/2018
20,The Walking Trees,24/05/2019
21,The Walking Dread,23/05/2020
22,The Walking Flumes,14/08/2016
23,The Walking Goodies,26/08/2017
24,The Walking Cats,22/08/2018
25,The Walking Robots,08/08/2019
26,The Walking Pretenders,28/07/2020
27,The Walking Peaks,14/05/2016
28,The Walking Minds,16/05/2017
29,The Walking Bubbles,01/05/2018
30,Game of Trees,14/05/2019
31,Game of Flumes,20/05/2020
32,Game of Goodies,14/04/2017
33,Game of Cats,03/04/2018
34,Game of Robots,03/04/2019
35,Game of Minds,08/04/2020
36,Game of Bubbles,14/01/2011
37,A Tree Game,30/12/2011
38,A Flume Game,22/12/2012
39,A Dread Game,13/12/2013
40,A Cat Game,10/12/2014
41,A Robot Game,24/12/2015
42,A Mind Game,12/12/2016
43,A Bubble Game,06/12/2017
44,The Call of the Trees,15/12/2018
45,The Call of the Flumes,01/12/2019
46,The Call of the Goodies,14/12/2018
47,The Call of the Sinks,15/12/2019
48,The Call of the Cats,05/12/2020
49,The Call of the Robots,14/12/2015
50,The Call of the Pretender,25/12/2016
51,The Call of the Minds,26/12/2017
52,The Call of the Bubbles,14/12/2018
53,Fixing Trees,25/12/2019
54,Fixing Flumes,07/01/2021
55,Fixing Goodies,14/02/2017
56,Fixing Cats,27/02/2018
57,Fixing Robots,01/03/2019
58,Fixing Pretenders,13/03/2020
59,Fixing Bubbles,14/08/2017
60,Nihon Trees,21/08/2018
61,Nihon Flumes,16/08/2019
62,Nihon Goodies,25/08/2020
63,Nihon Sinks,14/03/2020
64,Nihon Cats,14/06/2018
65,Nihon Robots,22/06/2019
66,Nihon Pretender,05/07/2020
67,Nihon Peaks,14/02/2020
68,Nihon Minds,14/02/2019
69,Nihon Bubbles,14/02/2020
70,East Trees,14/03/2016
71,East Flumes,28/02/2017
72,East Goodies,18/02/2018
73,East Sinks,01/03/2019
74,East Cats,28/02/2020
75,East Robots,14/04/2018
76,East Pretender,16/04/2019
77,East Peaks,12/04/2020
78,East Minds,14/11/2012
79,East Bubbles,25/11/2013
80,Fear of Trees,10/11/2014
81,Fear of Flumes,12/11/2015
82,Fear of Goodies,23/11/2016
83,Fear of Sinks,28/11/2017
84,Fear of Cats,12/12/2018
85,Fear of Robots,25/12/2019
86,Fear of Peaks,10/12/2020
87,Fear of Bubbles,14/09/2012
88,Those are Trees,09/09/2013
89,Those are Flumes,13/09/2014
90,Those are Goodies,17/09/2015
91,Those are Sinks,27/09/2016
92,Those are Cats,22/09/2017
93,Those are Robots,17/09/2018
94,Those are Bubbles,21/09/2019
95,Los Angeles Trees,11/09/2020
96,Los Angeles Flumes,14/05/2019
97,Los Angeles Goodies,11/05/2020
98,Los Angeles Sinks,14/05/2020
99,Los Angeles Cats,14/04/2019
100,Los Angeles Robots,19/04/2020
101,Los Angeles Pretender,14/06/2014
102,Los Angeles Peaks,24/06/2015
103,Los Angeles Minds,21/06/2016
104,Los Angeles Bubbles,18/06/2017
105,Master Trees,16/06/2018
106,Master Flumes,22/06/2019
107,Master Goodies,12/06/2020
108,Master Cats,14/03/2019
109,Master Robots,18/03/2020
110,Master Pretenders,14/04/2014
111,Master Peaks,26/04/2015
112,Master Minds,28/04/2016
113,Master Bubbles,17/04/2017
114,The Last of Trees,02/04/2018
115,The Last of Flumes,25/03/2019
116,The Last of Goodies,03/04/2020
117,The Last of Cats,14/07/2015
118,The Last of Robots,18/07/2016
119,The Last of Pretenders,26/07/2017
120,The Last of Peaks,07/08/2018
121,The Last of Minds,02/08/2019
122,The Last of Bubbles,10/08/2020
123,Shoreman,14/10/2012
124,Treeman,04/10/2013
125,Catman,17/10/2014
126,Robotman,26/10/2015
127,Mindman,07/11/2016
128,Bubbleman,31/10/2017
129,Lost and Found,26/10/2018
130,The Romanos,07/11/2019
